TIME,TEMP,HUM,BATT,LIGHT,NOISE_A,PRESS,CCS811_VOCS,CCS811_ECO2,SCD30_CO2,SCD30_TEMP,SCD30_HUM,PM_1,PM_25,PM_10
ISO 8601,C,%,%,Lux,dBA,kPa,ppb,ppm,ppm,C,%,ug/m3,ug/m3,ug/m3
Time,Temperature,Humidity,Battery,Light,Noise dBA,Barometric pressure,VOC Gas CCS811,eCO2 Gas CCS811,SCD30 CO2,SCD30 Temperature,SCD30 Humidity,PM 1.0,PM 2.5,PM 10.0
,55,56,10,14,53,58,113,112,158,160,161,89,87,88
2022-01-21T15:45:11Z,19.91,48.57,0,0,37.11,103.52,null,null,1072,21.52,37.90,2,2,2
2022-01-21T15:46:11Z,19.61,45.71,0,0,56.18,103.53,null,null,545,21.75,36.11,null,null,null
2022-01-21T15:47:11Z,19.48,45.97,0,0,54.63,103.52,2331.00,2752.00,482,21.89,35.77,null,null,null
2022-01-21T15:48:11Z,19.44,46.07,0,0,55.46,103.52,2897.00,3023.00,472,21.97,35.64,null,null,null
2022-01-21T15:49:11Z,19.38,46.14,0,0,61.52,103.52,1886.00,2549.00,473,22.03,35.51,null,null,null
2022-01-21T15:50:11Z,19.40,46.11,0,0,59.93,103.53,1084.00,2174.00,473,22.07,35.39,0,0,0
2022-01-21T15:51:11Z,19.38,46.10,0,0,49.86,103.52,823.00,2048.00,472,22.12,35.33,null,null,null
2022-01-21T15:52:11Z,19.40,46.07,0,0,53.33,103.51,626.00,1928.00,474,22.10,35.34,null,null,null
2022-01-21T15:53:11Z,19.40,46.17,0,0,67.20,103.52,493.00,1833.00,474,22.12,35.30,null,null,null
2022-01-21T15:54:11Z,19.41,46.22,0,0,64.27,103.52,396.00,1756.00,474,22.14,35.39,null,null,null
2022-01-21T15:55:11Z,19.41,46.18,0,0,53.74,103.52,313.00,1674.00,472,22.14,35.40,0,0,0
2022-01-21T15:56:11Z,19.41,46.18,1,0,60.83,103.52,268.00,1625.00,474,22.13,35.36,null,null,null
2022-01-21T15:57:11Z,19.44,46.11,2,0,54.00,103.52,219.00,1566.00,474,22.13,35.37,null,null,null
2022-01-21T15:58:11Z,19.43,46.13,2,0,52.55,103.52,188.00,1525.00,475,22.14,35.32,null,null,null
2022-01-21T15:59:11Z,19.43,46.17,2,0,67.10,103.52,158.00,1441.00,476,22.16,35.35,null,null,null
2022-01-21T16:00:11Z,19.43,46.14,3,0,60.57,103.52,134.00,1285.00,475,22.17,35.35,0,0,0
2022-01-21T16:01:11Z,19.44,46.16,5,0,61.05,103.52,112.00,1140.00,477,22.20,35.36,null,null,null
2022-01-21T16:02:11Z,19.45,46.10,6,0,60.80,103.51,93.00,1012.00,480,22.16,35.35,null,null,null
2022-01-21T16:03:11Z,19.47,46.05,6,0,46.40,103.51,81.00,935.00,481,22.17,35.34,null,null,null
2022-01-21T16:04:11Z,19.47,46.08,7,0,57.68,103.52,70.00,865.00,483,22.19,35.35,null,null,null
2022-01-21T16:05:11Z,19.45,46.10,7,0,61.50,103.52,57.00,780.00,479,22.17,35.39,0,0,0
2022-01-21T16:06:11Z,19.48,46.05,8,0,58.44,103.52,49.00,726.00,478,22.16,35.37,null,null,null
2022-01-21T16:07:11Z,19.51,46.02,8,0,49.28,103.51,36.00,641.00,475,22.16,35.31,null,null,null
2022-01-21T16:08:11Z,19.51,46.00,8,0,56.00,103.51,33.00,618.00,477,22.17,35.34,null,null,null
2022-01-21T16:09:11Z,19.50,46.08,10,0,60.15,103.51,27.00,578.00,475,22.20,35.34,null,null,null
2022-01-21T16:10:11Z,19.48,46.09,10,0,59.26,103.51,20.00,536.00,476,22.17,35.36,0,0,0
2022-01-21T16:11:11Z,19.51,46.05,10,0,69.18,103.52,15.00,501.00,476,22.19,35.42,null,null,null
2022-01-21T16:12:11Z,19.54,46.09,11,0,57.73,103.52,9.00,465.00,476,22.16,35.33,null,null,null
2022-01-21T16:13:11Z,19.51,46.08,11,0,51.45,103.52,7.00,446.00,475,22.16,35.37,null,null,null
2022-01-21T16:14:11Z,19.48,46.10,11,0,61.41,103.52,1.00,408.00,478,22.19,35.38,null,null,null
2022-01-21T16:15:11Z,19.51,46.12,12,0,54.07,103.52,0.00,400.00,479,22.16,35.43,0,0,0
2022-01-21T16:16:11Z,19.54,46.09,12,0,50.69,103.52,0.00,400.00,477,22.19,35.40,null,null,null
2022-01-21T16:17:11Z,19.51,46.12,14,0,62.88,103.51,0.00,400.00,478,22.19,35.35,null,null,null
2022-01-21T16:18:11Z,19.50,46.20,14,0,58.40,103.51,0.00,400.00,475,22.17,35.47,null,null,null
2022-01-21T16:19:11Z,19.45,46.25,14,0,59.08,103.51,0.00,400.00,475,22.17,35.44,null,null,null
2022-01-21T16:20:11Z,19.45,46.25,14,0,63.70,103.52,0.00,400.00,475,22.17,35.50,0,0,0
2022-01-21T16:21:11Z,19.48,46.25,15,0,51.52,103.52,0.00,400.00,479,22.19,35.46,null,null,null
2022-01-21T16:22:11Z,19.48,46.26,18,0,67.30,103.51,0.00,400.00,479,22.19,35.46,null,null,null
2022-01-21T16:23:11Z,19.45,46.22,18,0,60.93,103.51,0.00,400.00,483,22.17,35.54,null,null,null
2022-01-21T16:24:11Z,19.47,46.29,18,0,45.92,103.51,0.00,400.00,480,22.19,35.47,null,null,null
2022-01-21T16:25:11Z,19.45,46.28,20,0,58.74,103.52,0.00,400.00,482,22.17,35.51,0,3,3
2022-01-21T16:26:11Z,19.44,46.31,19,0,52.02,103.51,0.00,400.00,482,22.19,35.47,null,null,null
2022-01-21T16:27:11Z,19.44,46.27,21,0,67.48,103.51,0.00,400.00,480,22.20,35.56,null,null,null
2022-01-21T16:28:11Z,19.45,46.32,21,0,58.20,103.51,0.00,400.00,479,22.17,35.51,null,null,null
2022-01-21T16:29:11Z,19.45,46.39,22,0,62.78,103.52,0.00,400.00,477,22.19,35.55,null,null,null
2022-01-21T16:30:11Z,19.44,46.37,21,0,56.01,103.51,0.00,400.00,478,22.17,35.52,0,3,3
2022-01-21T16:31:11Z,19.44,46.32,21,0,65.74,103.51,0.00,400.00,480,22.16,35.53,null,null,null
2022-01-21T16:32:11Z,19.47,46.33,24,0,60.07,103.51,0.00,400.00,480,22.17,35.57,null,null,null
2022-01-21T16:33:11Z,19.44,46.37,25,0,54.26,103.51,0.00,400.00,481,22.16,35.49,null,null,null
2022-01-21T16:34:11Z,19.44,46.40,23,0,66.89,103.51,0.00,400.00,484,22.17,35.52,null,null,null
2022-01-21T16:35:11Z,19.44,46.39,26,0,63.40,103.51,0.00,400.00,482,22.16,35.53,0,3,3
2022-01-21T16:36:11Z,19.44,46.37,27,0,55.58,103.51,1.00,407.00,481,22.19,35.56,null,null,null
2022-01-21T16:37:11Z,19.45,46.40,26,0,60.82,103.50,0.00,400.00,482,22.17,35.61,null,null,null
2022-01-21T16:38:11Z,19.47,46.33,26,0,51.41,103.50,0.00,400.00,483,22.16,35.61,null,null,null
2022-01-21T16:39:11Z,19.45,46.42,26,0,65.66,103.51,0.00,400.00,484,22.16,35.59,null,null,null
2022-01-21T16:40:11Z,19.43,46.46,34,0,59.20,103.50,0.00,400.00,483,22.16,35.63,0,0,0
2022-01-21T16:41:11Z,19.44,46.44,31,0,56.98,103.50,1.00,409.00,482,22.19,35.67,null,null,null
2022-01-21T16:42:11Z,19.45,46.49,27,0,61.43,103.50,0.00,400.00,481,22.16,35.71,null,null,null
2022-01-21T16:43:11Z,19.45,46.47,30,0,58.43,103.50,0.00,400.00,479,22.16,35.72,null,null,null
2022-01-21T16:44:11Z,19.45,46.51,34,0,61.22,103.50,0.00,400.00,479,22.17,35.73,null,null,null
2022-01-21T16:45:11Z,19.47,46.55,33,0,50.81,103.49,0.00,400.00,480,22.14,35.71,0,0,0
2022-01-21T16:46:11Z,19.47,46.54,33,0,59.48,103.49,0.00,400.00,478,22.16,35.76,null,null,null
2022-01-21T16:47:11Z,19.48,46.57,32,0,58.87,103.50,0.00,400.00,478,22.14,35.81,null,null,null
2022-01-21T16:48:11Z,19.47,46.57,34,0,62.62,103.50,0.00,400.00,478,22.14,35.84,null,null,null
2022-01-21T16:49:11Z,19.47,46.69,37,0,60.27,103.49,0.00,400.00,477,22.14,35.84,null,null,null
2022-01-21T16:50:11Z,19.47,46.65,36,0,63.96,103.49,0.00,406.00,474,22.17,35.82,0,0,0
2022-01-21T16:51:11Z,19.47,46.75,34,0,62.04,103.49,0.00,400.00,475,22.16,35.92,null,null,null
2022-01-21T16:52:11Z,19.45,46.75,36,0,64.02,103.49,0.00,400.00,473,22.17,35.95,null,null,null
2022-01-21T16:53:11Z,19.45,46.80,36,0,59.43,103.50,0.00,400.00,474,22.14,36.02,null,null,null
2022-01-21T16:54:11Z,19.48,46.91,37,0,63.43,103.49,0.00,400.00,475,22.17,36.05,null,null,null
2022-01-21T16:55:11Z,19.45,46.88,39,0,56.30,103.50,0.00,400.00,472,22.17,36.11,0,4,4
2022-01-21T16:56:11Z,19.47,46.88,39,0,60.94,103.50,0.00,400.00,472,22.14,36.12,null,null,null
2022-01-21T16:57:11Z,19.45,46.96,37,0,62.32,103.50,1.00,411.00,471,22.14,36.17,null,null,null
2022-01-21T16:58:11Z,19.47,47.03,39,0,55.40,103.50,0.00,400.00,474,22.20,36.20,null,null,null
2022-01-21T16:59:11Z,19.45,47.01,40,0,51.72,103.50,0.00,400.00,473,22.16,36.19,null,null,null
2022-01-21T17:00:11Z,19.51,47.03,42,0,57.16,103.50,0.00,400.00,472,22.16,36.19,0,0,0
2022-01-21T17:01:11Z,19.51,46.94,42,0,52.96,103.50,0.00,400.00,470,22.14,36.22,null,null,null
2022-01-21T17:02:11Z,19.48,46.98,45,0,56.80,103.50,2.00,414.00,475,22.16,36.19,null,null,null
2022-01-21T17:03:11Z,19.47,47.00,43,0,57.39,103.50,1.00,409.00,478,22.17,36.12,null,null,null
2022-01-21T17:04:11Z,19.48,47.05,45,0,54.73,103.50,0.00,400.00,480,22.19,36.22,null,null,null
2022-01-21T17:05:11Z,19.48,47.01,45,0,61.11,103.50,0.00,400.00,477,22.16,36.21,0,0,0
2022-01-21T17:06:11Z,19.45,47.01,45,0,58.46,103.50,0.00,400.00,478,22.16,36.25,null,null,null
2022-01-21T17:07:11Z,19.48,47.03,46,0,57.95,103.50,0.00,400.00,476,22.17,36.22,null,null,null
2022-01-21T17:08:11Z,19.50,47.05,46,0,57.35,103.52,0.00,400.00,473,22.14,36.21,null,null,null
2022-01-21T17:09:11Z,19.50,47.02,48,0,63.28,103.51,0.00,405.00,472,22.17,36.19,null,null,null
2022-01-21T17:10:11Z,19.50,46.98,49,0,56.89,103.51,0.00,400.00,477,22.14,36.18,0,0,0
2022-01-21T17:11:11Z,19.48,46.98,51,0,56.18,103.51,0.00,400.00,475,22.14,36.17,null,null,null
2022-01-21T17:12:11Z,19.47,46.97,51,0,66.08,103.51,0.00,400.00,471,22.19,36.20,null,null,null
2022-01-21T17:13:11Z,19.50,46.95,52,0,60.09,103.51,0.00,400.00,471,22.17,36.16,null,null,null
2022-01-21T17:14:11Z,19.47,46.89,52,0,56.91,103.51,0.00,403.00,471,22.14,36.08,null,null,null
2022-01-21T17:15:11Z,19.48,46.98,52,0,63.24,103.51,0.00,400.00,473,22.16,36.13,1,1,1
2022-01-21T17:16:11Z,19.48,46.99,53,0,51.08,103.51,1.00,410.00,473,22.16,36.16,null,null,null
2022-01-21T17:17:11Z,19.48,46.99,53,0,48.07,103.50,1.00,407.00,473,22.17,36.17,null,null,null
2022-01-21T17:18:11Z,19.47,46.98,54,0,49.13,103.51,0.00,402.00,474,22.19,36.12,null,null,null
2022-01-21T17:19:11Z,19.47,46.92,55,0,54.87,103.51,0.00,400.00,480,22.16,36.16,null,null,null
2022-01-21T17:20:11Z,19.48,46.87,55,0,52.88,103.50,0.00,400.00,476,22.17,36.09,0,0,0
2022-01-21T17:21:11Z,19.48,46.86,56,0,59.59,103.50,1.00,408.00,478,22.17,36.08,null,null,null
2022-01-21T17:22:11Z,19.48,46.83,58,0,52.65,103.50,0.00,400.00,478,22.16,36.05,null,null,null
2022-01-21T17:23:11Z,19.47,46.84,59,0,50.16,103.50,0.00,400.00,479,22.19,36.04,null,null,null
2022-01-21T17:24:11Z,19.50,46.79,59,0,62.15,103.50,0.00,400.00,481,22.14,35.98,null,null,null
2022-01-21T17:25:11Z,19.47,46.77,60,0,53.46,103.50,0.00,400.00,481,22.16,35.99,0,0,0
2022-01-21T17:26:11Z,19.50,46.76,60,0,52.35,103.50,0.00,400.00,482,22.16,36.00,null,null,null
2022-01-21T17:27:11Z,19.48,46.77,63,0,52.63,103.50,0.00,400.00,482,22.17,35.99,null,null,null
2022-01-21T17:28:11Z,19.47,46.75,62,0,59.76,103.50,2.00,415.00,482,22.14,35.96,null,null,null
2022-01-21T17:29:11Z,19.50,46.68,63,0,62.16,103.49,1.00,409.00,482,22.19,35.90,null,null,null
2022-01-21T17:30:11Z,19.47,46.69,63,0,58.12,103.50,1.00,408.00,483,22.16,35.96,0,0,0
2022-01-21T17:31:11Z,19.50,46.65,65,0,50.37,103.50,0.00,406.00,482,22.16,35.95,null,null,null
2022-01-21T17:32:11Z,19.47,46.72,65,0,60.63,103.50,0.00,400.00,477,22.16,35.91,null,null,null
2022-01-21T17:33:11Z,19.48,46.67,65,0,52.62,103.50,0.00,400.00,477,22.16,35.92,null,null,null
2022-01-21T17:34:11Z,19.48,46.66,67,0,56.26,103.50,0.00,400.00,480,22.17,35.95,null,null,null
2022-01-21T17:35:11Z,19.47,46.61,69,0,62.37,103.50,0.00,405.00,481,22.17,35.91,0,0,0
2022-01-21T17:36:11Z,19.48,46.64,68,0,59.64,103.51,0.00,400.00,478,22.16,35.84,null,null,null
2022-01-21T17:37:11Z,19.47,46.58,68,0,59.65,103.51,0.00,400.00,480,22.13,35.86,null,null,null
2022-01-21T17:38:11Z,19.48,46.58,70,0,55.44,103.51,0.00,400.00,479,22.14,35.87,null,null,null
2022-01-21T17:39:11Z,19.50,46.57,70,0,62.87,103.51,0.00,400.00,480,22.16,35.88,null,null,null
2022-01-21T17:40:11Z,19.47,46.61,70,0,58.75,103.51,0.00,400.00,481,22.14,35.87,0,0,0
2022-01-21T17:41:11Z,19.51,46.54,71,0,47.30,103.51,0.00,400.00,481,22.13,35.82,null,null,null
2022-01-21T17:42:11Z,19.50,46.57,72,0,47.91,103.51,1.00,411.00,479,22.16,35.87,null,null,null
2022-01-21T17:43:11Z,19.50,46.53,73,0,64.40,103.51,1.00,407.00,475,22.13,35.77,null,null,null
2022-01-21T17:44:11Z,19.47,46.50,73,0,58.51,103.51,0.00,405.00,473,22.16,35.73,null,null,null
2022-01-21T17:45:11Z,19.50,46.45,74,0,56.45,103.50,0.00,400.00,473,22.16,35.75,0,0,0
2022-01-21T17:46:11Z,19.50,46.46,75,0,63.69,103.51,0.00,400.00,474,22.13,35.72,null,null,null
2022-01-21T17:47:11Z,19.50,46.38,75,0,55.98,103.51,1.00,408.00,477,22.16,35.71,null,null,null
2022-01-21T17:48:11Z,19.45,46.42,75,0,55.53,103.51,0.00,400.00,475,22.13,35.69,null,null,null
2022-01-21T17:49:11Z,19.45,46.50,76,0,48.30,103.51,1.00,413.00,476,22.14,35.68,null,null,null
2022-01-21T17:50:11Z,19.48,46.46,77,0,52.59,103.51,1.00,409.00,469,22.14,35.75,0,0,0
2022-01-21T17:51:11Z,19.50,46.44,79,0,52.16,103.51,0.00,403.00,471,22.14,35.72,null,null,null
2022-01-21T17:52:11Z,19.45,46.39,78,0,59.55,103.50,0.00,400.00,473,22.14,35.64,null,null,null
2022-01-21T17:53:11Z,19.48,46.32,79,0,47.63,103.51,0.00,400.00,470,22.13,35.64,null,null,null
2022-01-21T17:54:11Z,19.47,46.35,80,0,64.04,103.50,1.00,408.00,472,22.13,35.62,null,null,null
2022-01-21T17:55:11Z,19.47,46.35,81,0,63.09,103.50,0.00,403.00,472,22.13,35.61,0,0,0
2022-01-21T17:56:11Z,19.48,46.33,82,0,59.22,103.51,0.00,400.00,474,22.14,35.61,null,null,null
2022-01-21T17:57:11Z,19.45,46.40,81,0,60.96,103.51,0.00,405.00,474,22.16,35.66,null,null,null
2022-01-21T17:58:11Z,19.45,46.35,82,0,58.74,103.51,0.00,400.00,475,22.14,35.64,null,null,null
2022-01-21T17:59:11Z,19.47,46.33,84,0,55.54,103.51,2.00,417.00,477,22.14,35.65,null,null,null
2022-01-21T18:00:11Z,19.47,46.35,84,0,60.19,103.51,1.00,408.00,478,22.14,35.61,0,0,0
2022-01-21T18:01:11Z,19.47,46.33,84,0,60.20,103.51,0.00,405.00,480,22.14,35.62,null,null,null
2022-01-21T18:02:11Z,19.50,46.33,85,0,54.46,103.52,1.00,408.00,481,22.13,35.65,null,null,null
2022-01-21T18:03:11Z,19.48,46.38,85,0,51.72,103.51,0.00,400.00,480,22.14,35.62,null,null,null
2022-01-21T18:04:11Z,19.47,46.26,86,0,63.42,103.52,2.00,415.00,480,22.12,35.64,null,null,null
2022-01-21T18:05:11Z,19.50,46.28,86,0,51.61,103.51,1.00,413.00,479,22.12,35.64,0,0,0
2022-01-21T18:06:11Z,19.45,46.38,87,0,46.48,103.51,0.00,403.00,476,22.13,35.61,null,null,null
2022-01-21T18:07:11Z,19.50,46.28,88,0,62.15,103.52,0.00,403.00,478,22.13,35.62,null,null,null
2022-01-21T18:08:11Z,19.48,46.24,88,0,53.96,103.52,0.00,400.00,477,22.14,35.51,null,null,null
2022-01-21T18:09:11Z,19.48,46.27,88,0,44.17,103.51,2.00,415.00,476,22.10,35.53,null,null,null
2022-01-21T18:10:11Z,19.47,46.27,89,0,62.10,103.51,0.00,406.00,474,22.12,35.57,0,0,0
2022-01-21T18:11:11Z,19.48,46.21,90,0,57.53,103.51,0.00,400.00,475,22.13,35.50,null,null,null
2022-01-21T18:12:11Z,19.47,46.23,90,0,59.29,103.51,1.00,409.00,475,22.13,35.55,null,null,null
2022-01-21T18:13:11Z,19.45,46.13,91,0,58.77,103.51,0.00,400.00,478,22.13,35.43,null,null,null
2022-01-21T18:14:11Z,19.50,46.22,91,0,58.42,103.51,2.00,416.00,477,22.14,35.49,null,null,null
2022-01-21T18:15:11Z,19.45,46.18,92,0,58.91,103.51,1.00,411.00,475,22.14,35.52,0,0,0
2022-01-21T18:16:11Z,19.50,46.16,92,0,61.97,103.51,1.00,408.00,476,22.14,35.45,null,null,null
2022-01-21T18:17:11Z,19.47,46.12,94,0,60.61,103.51,1.00,411.00,478,22.13,35.43,null,null,null
2022-01-21T18:18:11Z,19.47,46.12,94,0,62.58,103.51,0.00,400.00,477,22.14,35.46,null,null,null
2022-01-21T18:19:11Z,19.50,46.13,95,0,54.99,103.51,2.00,415.00,479,22.12,35.40,null,null,null
2022-01-21T18:20:11Z,19.47,46.06,95,0,59.59,103.51,1.00,411.00,478,22.16,35.39,0,0,0
2022-01-21T18:21:11Z,19.50,45.99,99,0,50.76,103.51,0.00,400.00,478,22.14,35.36,null,null,null
2022-01-21T18:22:11Z,19.48,46.02,99,0,56.90,103.51,0.00,405.00,479,22.13,35.33,null,null,null
2022-01-21T18:23:11Z,19.50,46.02,99,0,56.22,103.51,0.00,400.00,477,22.13,35.28,null,null,null
2022-01-21T18:24:11Z,19.45,45.98,99,0,65.20,103.51,0.00,405.00,476,22.14,35.31,null,null,null
2022-01-21T18:25:11Z,19.43,45.98,100,0,54.19,103.51,0.00,400.00,476,22.13,35.25,0,1,1
2022-01-21T18:26:11Z,19.45,46.02,100,0,50.22,103.51,0.00,400.00,474,22.14,35.28,null,null,null
2022-01-21T18:27:11Z,19.44,46.02,100,0,53.84,103.51,2.00,415.00,477,22.13,35.30,null,null,null
2022-01-21T18:28:11Z,19.44,45.99,100,0,61.72,103.51,0.00,405.00,475,22.13,35.25,null,null,null
2022-01-21T18:29:11Z,19.43,45.93,100,0,56.87,103.51,2.00,418.00,473,22.10,35.19,null,null,null
2022-01-21T18:30:11Z,19.40,45.99,100,0,54.75,103.51,2.00,415.00,476,22.12,35.24,0,0,0
2022-01-21T18:31:11Z,19.40,46.04,100,0,56.46,103.51,0.00,405.00,477,22.13,35.27,null,null,null
2022-01-21T18:32:11Z,19.38,46.05,100,0,48.31,103.51,1.00,410.00,475,22.10,35.21,null,null,null
2022-01-21T18:33:11Z,19.36,46.05,100,0,55.41,103.51,0.00,400.00,473,22.10,35.25,null,null,null
2022-01-21T18:34:11Z,19.34,46.05,100,0,62.36,103.51,2.00,417.00,473,22.14,35.21,null,null,null
2022-01-21T18:35:11Z,19.31,46.09,100,0,71.34,103.51,2.00,417.00,475,22.09,35.18,0,0,0
2022-01-21T18:36:11Z,19.33,46.09,100,0,58.19,103.51,2.00,414.00,477,22.10,35.21,null,null,null
2022-01-21T18:37:11Z,19.33,46.13,100,0,61.05,103.52,2.00,417.00,480,22.10,35.21,null,null,null
2022-01-21T18:38:11Z,19.30,46.04,100,0,59.32,103.51,1.00,409.00,482,22.10,35.18,null,null,null
2022-01-21T18:39:11Z,19.30,46.12,100,0,69.33,103.51,2.00,414.00,480,22.10,35.18,null,null,null
2022-01-21T18:40:11Z,19.27,46.20,100,0,48.15,103.52,0.00,400.00,479,22.09,35.25,0,1,1
2022-01-21T18:41:11Z,19.29,46.19,100,0,59.95,103.51,2.00,414.00,478,22.07,35.18,null,null,null
2022-01-21T18:42:11Z,19.26,46.19,100,0,60.31,103.51,2.00,414.00,477,22.06,35.18,null,null,null
2022-01-21T18:43:11Z,19.24,46.20,100,0,60.22,103.51,2.00,416.00,474,22.06,35.20,null,null,null
2022-01-21T18:44:11Z,19.23,46.26,100,0,61.51,103.51,7.00,452.00,474,22.06,35.23,null,null,null
2022-01-21T18:45:11Z,19.22,46.27,100,0,47.81,103.51,5.00,439.00,475,22.07,35.24,0,0,0
2022-01-21T18:46:11Z,19.20,46.23,100,0,57.93,103.51,1.00,413.00,475,22.06,35.24,null,null,null
2022-01-21T18:47:11Z,19.20,46.31,100,0,55.80,103.52,5.00,438.00,481,22.04,35.28,null,null,null
2022-01-21T18:48:11Z,19.17,46.29,100,0,55.95,103.52,3.00,425.00,478,22.06,35.20,null,null,null
2022-01-21T18:49:11Z,19.17,46.30,99,0,50.22,103.52,3.00,425.00,477,22.06,35.22,null,null,null
2022-01-21T18:50:11Z,19.16,46.28,100,0,55.10,103.53,3.00,422.00,477,22.06,35.18,2,2,2
2022-01-21T18:51:11Z,19.15,46.29,100,0,70.38,103.53,2.00,417.00,479,22.03,35.18,null,null,null
2022-01-21T18:52:11Z,19.13,46.34,100,0,54.92,103.53,2.00,417.00,479,22.04,35.19,null,null,null
2022-01-21T18:53:11Z,19.13,46.37,100,0,59.48,103.53,0.00,400.00,478,22.04,35.19,null,null,null
2022-01-21T18:54:11Z,19.10,46.41,99,0,58.57,103.53,2.00,417.00,479,22.02,35.27,null,null,null
2022-01-21T18:55:11Z,19.05,46.43,100,0,53.60,103.53,1.00,413.00,477,22.02,35.16,1,1,1
2022-01-21T18:56:11Z,19.03,46.47,99,0,50.10,103.53,2.00,417.00,476,22.02,35.24,null,null,null
2022-01-21T18:57:11Z,19.03,46.54,99,0,58.21,103.53,1.00,409.00,471,22.02,35.27,null,null,null
2022-01-21T18:58:11Z,19.02,46.55,99,0,62.51,103.53,0.00,400.00,476,21.99,35.24,null,null,null
2022-01-21T18:59:11Z,19.02,46.51,99,0,54.57,103.53,3.00,420.00,476,21.99,35.29,null,null,null
2022-01-21T19:00:11Z,18.99,46.59,99,0,68.54,103.53,2.00,416.00,478,21.99,35.29,0,0,0
2022-01-21T19:01:11Z,18.99,46.60,99,0,58.53,103.54,2.00,416.00,478,21.99,35.30,null,null,null
2022-01-21T19:02:11Z,18.99,46.59,99,0,58.16,103.53,3.00,420.00,478,21.96,35.30,null,null,null
2022-01-21T19:03:11Z,18.99,46.63,99,0,55.13,103.54,0.00,400.00,476,21.97,35.34,null,null,null
2022-01-21T19:04:11Z,18.99,46.65,99,0,57.98,103.53,1.00,411.00,475,21.97,35.30,null,null,null
2022-01-21T19:05:11Z,18.95,46.64,99,0,55.46,103.53,1.00,407.00,475,21.96,35.30,0,0,0
2022-01-21T19:06:11Z,18.95,46.61,99,0,60.06,103.53,0.00,400.00,473,21.95,35.26,null,null,null
2022-01-21T19:07:11Z,18.95,46.59,99,0,60.66,103.53,2.00,414.00,473,21.96,35.25,null,null,null
2022-01-21T19:08:11Z,18.95,46.61,99,0,61.17,103.53,2.00,414.00,472,21.93,35.30,null,null,null
2022-01-21T19:09:11Z,18.92,46.68,99,0,51.70,103.53,1.00,411.00,472,21.93,35.24,null,null,null
2022-01-21T19:10:11Z,18.93,46.65,99,0,57.36,103.53,2.00,414.00,471,21.93,35.30,2,2,2
2022-01-21T19:11:11Z,18.95,46.61,99,0,55.22,103.53,0.00,400.00,473,21.92,35.24,null,null,null
2022-01-21T19:12:11Z,18.92,46.64,99,0,56.13,103.53,2.00,414.00,474,21.96,35.28,null,null,null
2022-01-21T19:13:11Z,18.90,46.60,99,0,50.87,103.54,1.00,411.00,472,21.91,35.26,null,null,null
2022-01-21T19:14:11Z,18.90,46.63,99,0,57.07,103.54,1.00,407.00,473,21.92,35.26,null,null,null
2022-01-21T19:15:11Z,18.86,46.70,99,0,57.33,103.53,1.00,411.00,474,21.91,35.31,0,0,0
2022-01-21T19:16:11Z,18.90,46.69,99,0,56.90,103.53,0.00,400.00,474,21.89,35.32,null,null,null
2022-01-21T19:17:11Z,18.88,46.69,99,0,59.17,103.53,2.00,414.00,475,21.89,35.32,null,null,null
2022-01-21T19:18:11Z,18.88,46.81,99,0,64.45,103.53,2.00,414.00,476,21.89,35.40,null,null,null
2022-01-21T19:19:11Z,18.86,46.80,99,0,53.44,103.54,0.00,400.00,473,21.91,35.38,null,null,null
2022-01-21T19:20:11Z,18.88,46.75,99,0,61.70,103.53,0.00,400.00,473,21.88,35.39,0,0,0
2022-01-21T19:21:11Z,18.86,46.84,99,0,60.10,103.53,0.00,400.00,472,21.89,35.46,null,null,null
2022-01-21T19:22:11Z,18.83,46.86,99,0,58.90,103.53,2.00,414.00,470,21.88,35.48,null,null,null
2022-01-21T19:23:11Z,18.86,47.01,99,0,57.03,103.53,2.00,417.00,468,21.89,35.55,null,null,null
2022-01-21T19:24:11Z,18.85,46.98,99,0,47.78,103.53,2.00,414.00,467,21.89,35.59,null,null,null
2022-01-21T19:25:11Z,18.86,47.01,99,0,61.61,103.54,2.00,414.00,468,21.89,35.61,0,0,0
2022-01-21T19:26:11Z,18.86,47.09,99,0,55.49,103.53,0.00,400.00,470,21.88,35.64,null,null,null
2022-01-21T19:27:11Z,18.86,47.15,99,0,54.64,103.54,1.00,413.00,470,21.88,35.71,null,null,null
2022-01-21T19:28:11Z,18.86,47.18,99,0,57.84,103.53,1.00,408.00,468,21.88,35.74,null,null,null
2022-01-21T19:29:11Z,18.85,47.23,99,0,63.31,103.54,1.00,408.00,468,21.86,35.81,null,null,null
2022-01-21T19:30:11Z,18.86,47.23,99,0,64.75,103.53,1.00,413.00,467,21.86,35.81,1,1,1
2022-01-21T19:31:11Z,18.85,47.35,99,0,57.26,103.53,0.00,400.00,468,21.88,35.88,null,null,null
2022-01-21T19:32:11Z,18.83,47.39,99,0,66.03,103.53,0.00,403.00,468,21.83,35.94,null,null,null
2022-01-21T19:33:11Z,18.85,47.54,99,0,56.44,103.54,0.00,403.00,465,21.83,36.10,null,null,null
2022-01-21T19:34:11Z,18.83,47.51,99,0,49.85,103.53,0.00,400.00,469,21.84,36.04,null,null,null
2022-01-21T19:35:11Z,18.86,47.57,99,0,57.47,103.54,0.00,406.00,469,21.84,36.09,0,0,0
2022-01-21T19:36:11Z,18.86,47.71,99,0,65.71,103.53,0.00,402.00,471,21.84,36.22,null,null,null
2022-01-21T19:37:11Z,18.85,47.65,99,0,56.60,103.53,0.00,402.00,472,21.86,36.20,null,null,null
2022-01-21T19:38:11Z,18.86,47.75,99,0,57.99,103.53,0.00,402.00,470,21.83,36.26,null,null,null
2022-01-21T19:39:11Z,18.85,47.80,99,0,55.07,103.53,0.00,400.00,468,21.86,36.28,null,null,null
2022-01-21T19:40:11Z,18.85,47.83,99,0,49.86,103.53,2.00,415.00,472,21.83,36.35,2,2,2
2022-01-21T19:41:11Z,18.85,47.77,99,0,65.37,103.53,2.00,415.00,473,21.84,36.29,null,null,null
2022-01-21T19:42:11Z,18.86,47.80,99,0,53.74,103.53,1.00,413.00,474,21.86,36.30,null,null,null
2022-01-21T19:43:11Z,18.85,47.79,99,0,62.99,103.53,2.00,415.00,474,21.86,36.38,null,null,null
2022-01-21T19:44:11Z,18.85,47.82,99,0,52.63,103.53,0.00,403.00,472,21.84,36.30,null,null,null
2022-01-21T19:45:11Z,18.85,47.82,99,0,61.17,103.53,2.00,415.00,471,21.84,36.37,2,2,2
2022-01-21T19:46:11Z,18.85,47.83,99,0,64.06,103.53,2.00,415.00,470,21.84,36.39,null,null,null
2022-01-21T19:47:11Z,18.85,47.84,99,0,56.84,103.53,0.00,403.00,469,21.86,36.32,null,null,null
2022-01-21T19:48:11Z,18.83,47.86,99,0,63.95,103.53,2.00,415.00,470,21.83,36.35,null,null,null
2022-01-21T19:49:11Z,18.85,47.87,99,0,62.81,103.53,2.00,415.00,473,21.84,36.31,null,null,null
2022-01-21T19:50:11Z,18.85,47.83,99,0,53.14,103.53,2.00,415.00,476,21.83,36.34,0,0,0
2022-01-21T19:51:11Z,18.86,47.79,99,0,61.52,103.53,2.00,415.00,475,21.86,36.30,null,null,null
2022-01-21T19:52:11Z,18.88,47.77,99,0,63.69,103.52,0.00,400.00,475,21.86,36.26,null,null,null
2022-01-21T19:53:11Z,18.86,47.76,99,0,53.58,103.52,1.00,413.00,476,21.86,36.26,null,null,null
2022-01-21T19:54:11Z,18.83,47.76,99,0,53.47,103.53,1.00,408.00,476,21.86,36.25,null,null,null
2022-01-21T19:55:11Z,18.86,47.69,99,0,64.80,103.52,0.00,403.00,475,21.84,36.27,0,1,1
2022-01-21T19:56:11Z,18.86,47.68,99,0,54.55,103.52,1.00,409.00,474,21.88,36.26,null,null,null
2022-01-21T19:57:11Z,18.86,47.67,99,0,60.09,103.52,0.00,400.00,472,21.84,36.24,null,null,null
2022-01-21T19:58:11Z,18.85,47.69,99,0,64.97,103.52,2.00,417.00,473,21.86,36.25,null,null,null
2022-01-21T19:59:11Z,18.85,47.77,99,0,56.65,103.52,1.00,413.00,472,21.86,36.22,null,null,null
2022-01-21T20:00:11Z,18.85,47.75,99,0,59.03,103.52,0.00,403.00,472,21.84,36.29,0,0,0
2022-01-21T20:01:11Z,18.86,47.68,99,0,63.09,103.52,1.00,407.00,472,21.83,36.22,null,null,null
2022-01-21T20:02:11Z,18.86,47.71,99,0,58.98,103.52,1.00,409.00,469,21.86,36.30,null,null,null
2022-01-21T20:03:11Z,18.89,47.72,99,0,49.70,103.52,0.00,403.00,470,21.80,36.27,null,null,null
2022-01-21T20:04:11Z,18.88,47.73,99,0,60.07,103.52,0.00,403.00,472,21.86,36.25,null,null,null
2022-01-21T20:05:11Z,18.85,47.71,99,0,60.54,103.52,0.00,400.00,472,21.83,36.23,3,3,3
2022-01-21T20:06:11Z,18.86,47.68,99,0,50.23,103.52,1.00,410.00,472,21.83,36.23,null,null,null
2022-01-21T20:07:11Z,18.86,47.71,99,0,52.43,103.52,1.00,410.00,472,21.86,36.26,null,null,null
2022-01-21T20:08:11Z,18.85,47.75,99,0,59.84,103.52,1.00,410.00,471,21.84,36.26,null,null,null
2022-01-21T20:09:11Z,18.86,47.78,99,0,58.32,103.52,0.00,405.00,469,21.84,36.29,null,null,null
2022-01-21T20:10:11Z,18.86,47.79,99,0,61.23,103.51,0.00,400.00,468,21.88,36.29,0,0,0
2022-01-21T20:11:11Z,18.86,47.76,99,0,48.11,103.51,2.00,416.00,467,21.86,36.29,null,null,null
2022-01-21T20:12:11Z,18.88,47.69,99,0,58.63,103.51,2.00,414.00,468,21.86,36.28,null,null,null
2022-01-21T20:13:11Z,18.88,47.80,99,0,53.96,103.51,3.00,420.00,469,21.84,36.34,null,null,null
2022-01-21T20:14:11Z,18.86,47.76,99,0,55.44,103.51,1.00,409.00,470,21.83,36.33,null,null,null
2022-01-21T20:15:11Z,18.83,47.76,99,0,63.92,103.51,0.00,400.00,470,21.84,36.27,0,0,0
2022-01-21T20:16:11Z,18.86,47.81,99,0,48.83,103.51,1.00,413.00,468,21.83,36.31,null,null,null
2022-01-21T20:17:11Z,18.85,47.84,99,0,56.02,103.51,1.00,413.00,466,21.86,36.34,null,null,null
2022-01-21T20:18:11Z,18.85,47.80,99,0,66.43,103.51,1.00,409.00,468,21.82,36.29,null,null,null
2022-01-21T20:19:11Z,18.83,47.91,99,0,55.36,103.51,1.00,409.00,467,21.84,36.37,null,null,null
2022-01-21T20:20:11Z,18.83,47.94,99,0,48.43,103.51,0.00,400.00,466,21.84,36.38,1,1,1
2022-01-21T20:21:11Z,18.83,48.04,99,0,65.10,103.51,2.00,416.00,467,21.83,36.43,null,null,null
2022-01-21T20:22:11Z,18.82,47.99,99,0,50.43,103.51,2.00,416.00,468,21.83,36.44,null,null,null
2022-01-21T20:23:11Z,18.80,47.98,99,0,64.12,103.51,2.00,416.00,467,21.84,36.50,null,null,null
2022-01-21T20:24:11Z,18.79,48.06,99,0,64.54,103.51,3.00,421.00,469,21.83,36.54,null,null,null
2022-01-21T20:25:11Z,18.83,48.03,99,0,56.55,103.51,0.00,403.00,468,21.83,36.53,1,8,8
2022-01-21T20:26:11Z,18.82,48.06,99,0,55.88,103.51,2.00,416.00,470,21.82,36.54,null,null,null
2022-01-21T20:27:11Z,18.83,48.03,99,0,54.11,103.50,2.00,416.00,470,21.82,36.51,null,null,null
2022-01-21T20:28:11Z,18.83,48.18,99,0,64.34,103.51,2.00,416.00,471,21.82,36.60,null,null,null
2022-01-21T20:29:11Z,18.83,48.14,99,0,57.64,103.51,2.00,416.00,469,21.83,36.60,null,null,null
2022-01-21T20:30:11Z,18.82,48.15,99,0,62.78,103.51,0.00,400.00,470,21.80,36.60,1,1,1
2022-01-21T20:31:11Z,18.83,48.18,99,0,55.92,103.51,2.00,416.00,476,21.83,36.69,null,null,null
2022-01-21T20:32:11Z,18.85,48.21,99,0,51.26,103.50,1.00,413.00,478,21.82,36.63,null,null,null
2022-01-21T20:33:11Z,18.85,48.15,99,0,57.92,103.50,1.00,407.00,474,21.83,36.63,null,null,null
2022-01-21T20:34:11Z,18.82,48.17,99,0,53.54,103.50,1.00,407.00,473,21.82,36.64,null,null,null
2022-01-21T20:35:11Z,18.83,48.18,99,0,64.33,103.50,0.00,400.00,475,21.84,36.65,1,1,1
2022-01-21T20:36:11Z,18.85,48.18,99,0,60.85,103.49,2.00,417.00,473,21.83,36.64,null,null,null
2022-01-21T20:37:11Z,18.85,48.18,99,0,58.72,103.49,1.00,411.00,473,21.82,36.67,null,null,null
2022-01-21T20:38:11Z,18.83,48.19,99,0,53.04,103.49,1.00,411.00,472,21.83,36.70,null,null,null
2022-01-21T20:39:11Z,18.85,48.19,99,0,50.78,103.49,1.00,408.00,472,21.84,36.69,null,null,null
2022-01-21T20:40:11Z,18.85,48.21,99,0,51.89,103.49,0.00,400.00,467,21.84,36.74,0,0,0
2022-01-21T20:41:11Z,18.85,48.14,99,0,54.36,103.49,2.00,416.00,469,21.82,36.62,null,null,null
2022-01-21T20:42:11Z,18.85,48.21,99,0,58.03,103.49,2.00,416.00,470,21.84,36.67,null,null,null
2022-01-21T20:43:11Z,18.85,48.21,99,0,60.61,103.48,1.00,411.00,472,21.84,36.75,null,null,null
2022-01-21T20:44:11Z,18.85,48.23,99,0,57.53,103.48,2.00,416.00,472,21.84,36.70,null,null,null
2022-01-21T20:45:11Z,18.85,48.20,99,0,64.13,103.48,2.00,416.00,472,21.84,36.67,0,0,0
2022-01-21T20:46:11Z,18.88,48.20,99,0,61.88,103.48,2.00,416.00,471,21.84,36.73,null,null,null
2022-01-21T20:47:11Z,18.88,48.18,99,0,60.06,103.49,1.00,411.00,474,21.83,36.66,null,null,null
2022-01-21T20:48:11Z,18.86,48.17,99,0,61.99,103.48,0.00,400.00,475,21.84,36.69,null,null,null
2022-01-21T20:49:11Z,18.85,48.15,99,0,61.44,103.48,2.00,415.00,476,21.84,36.71,null,null,null
2022-01-21T20:50:11Z,18.88,48.14,99,0,60.12,103.49,2.00,415.00,473,21.84,36.66,0,0,0
2022-01-21T20:51:11Z,18.88,48.14,99,0,52.79,103.49,0.00,406.00,473,21.84,36.69,null,null,null
2022-01-21T20:52:11Z,18.88,48.10,99,0,65.15,103.48,3.00,420.00,473,21.84,36.66,null,null,null
2022-01-21T20:53:11Z,18.89,48.20,99,0,61.59,103.48,2.00,415.00,474,21.82,36.66,null,null,null
2022-01-21T20:54:11Z,18.89,48.10,99,0,50.06,103.48,2.00,415.00,472,21.84,36.67,null,null,null
2022-01-21T20:55:11Z,18.88,48.13,99,0,62.38,103.48,3.00,420.00,472,21.83,36.66,1,1,1
2022-01-21T20:56:11Z,18.89,48.12,99,0,64.28,103.48,0.00,400.00,468,21.84,36.61,null,null,null
2022-01-21T20:57:11Z,18.88,48.08,99,0,49.78,103.48,2.00,415.00,471,21.84,36.61,null,null,null
2022-01-21T20:58:11Z,18.89,48.08,99,0,60.78,103.48,1.00,410.00,473,21.86,36.60,null,null,null
2022-01-21T20:59:11Z,18.88,48.10,99,0,59.85,103.48,1.00,410.00,475,21.86,36.60,null,null,null
2022-01-21T21:00:11Z,18.86,48.08,99,0,59.06,103.48,1.00,410.00,477,21.86,36.57,0,0,0
2022-01-21T21:01:11Z,18.86,48.08,99,0,65.54,103.48,0.00,400.00,472,21.84,36.54,null,null,null
2022-01-21T21:02:11Z,18.89,48.10,99,0,56.74,103.48,1.00,410.00,471,21.84,36.59,null,null,null
2022-01-21T21:03:11Z,18.88,48.09,99,0,55.65,103.48,1.00,410.00,471,21.84,36.54,null,null,null
2022-01-21T21:04:11Z,18.88,48.07,99,0,56.03,103.48,0.00,400.00,471,21.86,36.52,null,null,null
2022-01-21T21:05:11Z,18.85,48.13,99,0,53.62,103.48,1.00,413.00,474,21.84,36.53,0,3,3
2022-01-21T21:06:11Z,18.86,48.05,99,0,57.00,103.48,1.00,413.00,476,21.84,36.57,null,null,null
2022-01-21T21:07:11Z,18.86,48.04,99,0,65.44,103.48,1.00,413.00,476,21.86,36.50,null,null,null
2022-01-21T21:08:11Z,18.88,48.08,99,0,53.96,103.47,1.00,413.00,473,21.86,36.54,null,null,null
2022-01-21T21:09:11Z,18.85,48.03,99,0,59.75,103.47,0.00,400.00,472,21.86,36.52,null,null,null
2022-01-21T21:10:11Z,18.86,48.05,99,0,54.78,103.47,2.00,415.00,468,21.89,36.50,0,0,0
2022-01-21T21:11:11Z,18.86,48.05,99,0,54.88,103.47,2.00,415.00,471,21.86,36.52,null,null,null
2022-01-21T21:12:11Z,18.83,48.09,99,0,48.09,103.47,2.00,415.00,471,21.86,36.52,null,null,null
2022-01-21T21:13:11Z,18.85,48.08,99,0,60.53,103.47,2.00,415.00,469,21.88,36.56,null,null,null
2022-01-21T21:14:11Z,18.82,48.03,99,0,51.78,103.47,0.00,405.00,471,21.84,36.47,null,null,null
2022-01-21T21:15:11Z,18.83,48.07,99,0,63.29,103.47,2.00,415.00,473,21.82,36.47,0,4,4
2022-01-21T21:16:11Z,18.85,48.03,99,0,58.54,103.47,2.00,415.00,476,21.84,36.50,null,null,null
2022-01-21T21:17:11Z,18.83,48.07,99,0,65.41,103.47,1.00,410.00,475,21.84,36.62,null,null,null
2022-01-21T21:18:11Z,18.80,48.09,99,0,56.15,103.47,1.00,410.00,473,21.83,36.57,null,null,null
2022-01-21T21:19:11Z,18.82,48.16,99,0,60.71,103.48,0.00,405.00,474,21.84,36.61,null,null,null
2022-01-21T21:20:11Z,18.82,48.07,99,0,65.08,103.48,1.00,407.00,473,21.84,36.51,0,0,0
2022-01-21T21:21:11Z,18.83,47.95,99,0,56.90,103.48,0.00,400.00,472,21.83,36.49,null,null,null
2022-01-21T21:22:11Z,18.83,48.08,99,0,61.48,103.48,3.00,421.00,471,21.82,36.55,null,null,null
2022-01-21T21:23:11Z,18.83,48.11,99,0,49.52,103.48,3.00,421.00,470,21.82,36.55,null,null,null
2022-01-21T21:24:11Z,18.82,48.03,99,0,64.58,103.48,3.00,421.00,470,21.82,36.54,null,null,null
2022-01-21T21:25:11Z,18.80,48.18,99,0,58.26,103.48,3.00,421.00,470,21.82,36.69,1,1,1
2022-01-21T21:26:11Z,18.82,48.17,99,0,58.24,103.48,0.00,400.00,469,21.83,36.55,null,null,null
2022-01-21T21:27:11Z,18.82,48.10,99,0,58.85,103.49,3.00,423.00,470,21.82,36.58,null,null,null
2022-01-21T21:28:11Z,18.83,48.18,99,0,60.58,103.49,3.00,423.00,471,21.83,36.59,null,null,null
2022-01-21T21:29:11Z,18.82,48.22,99,0,53.20,103.49,3.00,423.00,471,21.82,36.64,null,null,null
2022-01-21T21:30:11Z,18.82,48.07,99,0,63.57,103.49,3.00,425.00,471,21.82,36.60,2,2,2
2022-01-21T21:31:11Z,18.83,48.15,99,0,64.84,103.49,0.00,406.00,471,21.84,36.65,null,null,null
2022-01-21T21:32:11Z,18.85,48.26,99,0,61.83,103.49,4.00,428.00,474,21.82,36.69,null,null,null
2022-01-21T21:33:11Z,18.82,48.24,99,0,48.09,103.49,3.00,424.00,475,21.82,36.66,null,null,null
2022-01-21T21:34:11Z,18.82,48.21,99,0,71.15,103.49,4.00,428.00,475,21.82,36.72,null,null,null
2022-01-21T21:35:11Z,18.80,48.25,99,0,51.03,103.49,5.00,435.00,474,21.79,36.69,0,0,0
2022-01-21T21:36:11Z,18.83,48.18,99,0,46.41,103.49,1.00,410.00,472,21.80,36.69,null,null,null
2022-01-21T21:37:11Z,18.83,48.30,99,0,59.88,103.49,5.00,435.00,473,21.82,36.78,null,null,null
2022-01-21T21:38:11Z,18.83,48.26,99,0,59.06,103.49,3.00,424.00,472,21.80,36.75,null,null,null
2022-01-21T21:39:11Z,18.82,48.36,99,0,48.91,103.48,4.00,428.00,472,21.82,36.80,null,null,null
2022-01-21T21:40:11Z,18.82,48.45,99,0,55.69,103.48,4.00,428.00,469,21.82,36.86,0,0,0
2022-01-21T21:41:11Z,18.82,48.43,99,0,59.21,103.49,3.00,421.00,467,21.79,36.88,null,null,null
2022-01-21T21:42:11Z,18.83,48.47,99,0,63.66,103.48,3.00,424.00,467,21.82,36.91,null,null,null
2022-01-21T21:43:11Z,18.82,48.48,99,0,65.46,103.48,4.00,428.00,467,21.82,36.95,null,null,null
2022-01-21T21:44:11Z,18.83,48.48,99,0,52.59,103.48,4.00,428.00,469,21.79,36.84,null,null,null
2022-01-21T21:45:11Z,18.83,48.53,99,0,62.49,103.48,4.00,428.00,470,21.82,36.94,0,0,0
2022-01-21T21:46:11Z,18.82,48.57,99,0,56.25,103.48,3.00,424.00,470,21.82,36.98,null,null,null
2022-01-21T21:47:11Z,18.83,48.52,99,0,58.97,103.48,5.00,435.00,469,21.82,37.00,null,null,null
2022-01-21T21:48:11Z,18.80,48.56,99,0,60.29,103.48,4.00,428.00,473,21.82,36.96,null,null,null
2022-01-21T21:49:11Z,18.82,48.56,99,0,59.82,103.48,5.00,435.00,470,21.80,37.03,null,null,null
2022-01-21T21:50:11Z,18.83,48.57,99,0,58.73,103.48,4.00,428.00,470,21.82,37.04,0,0,0
2022-01-21T21:51:11Z,18.85,48.52,99,0,55.50,103.48,3.00,421.00,470,21.83,36.99,null,null,null
2022-01-21T21:52:11Z,18.86,48.47,99,0,53.80,103.48,3.00,424.00,470,21.82,36.95,null,null,null
2022-01-21T21:53:11Z,18.83,48.59,99,0,59.29,103.48,1.00,410.00,470,21.82,37.03,null,null,null
2022-01-21T21:54:11Z,18.86,48.57,99,0,53.49,103.48,3.00,424.00,471,21.82,37.00,null,null,null
2022-01-21T21:55:11Z,18.86,48.59,99,0,49.27,103.48,3.00,421.00,471,21.80,37.00,0,0,0
2022-01-21T21:56:11Z,18.83,48.55,99,0,59.93,103.48,2.00,414.00,471,21.84,36.98,null,null,null
2022-01-21T21:57:11Z,18.86,48.54,99,0,62.59,103.48,3.00,421.00,472,21.84,37.03,null,null,null
2022-01-21T21:58:11Z,18.88,48.55,99,0,49.36,103.47,3.00,421.00,473,21.83,37.03,null,null,null
2022-01-21T21:59:11Z,18.86,48.54,99,0,63.87,103.48,3.00,421.00,470,21.86,37.02,null,null,null
2022-01-21T22:00:11Z,18.86,48.52,99,0,58.56,103.48,2.00,418.00,468,21.83,37.00,0,0,0
2022-01-21T22:01:11Z,18.85,48.57,99,0,56.91,103.48,0.00,400.00,466,21.86,36.97,null,null,null
2022-01-21T22:02:11Z,18.88,48.53,99,0,54.85,103.48,3.00,423.00,464,21.83,36.98,null,null,null
2022-01-21T22:03:11Z,18.85,48.57,99,0,54.61,103.47,3.00,423.00,466,21.84,37.02,null,null,null
2022-01-21T22:04:11Z,18.83,48.51,99,0,60.70,103.47,3.00,421.00,467,21.84,36.99,null,null,null
2022-01-21T22:05:11Z,18.86,48.54,99,0,62.24,103.47,2.00,416.00,468,21.84,36.99,0,0,0
2022-01-21T22:06:11Z,18.86,48.61,99,0,60.08,103.47,0.00,400.00,467,21.82,37.03,null,null,null
2022-01-21T22:07:11Z,18.86,48.57,99,0,47.75,103.47,2.00,418.00,466,21.84,37.02,null,null,null
2022-01-21T22:08:11Z,18.85,48.62,99,0,56.24,103.47,2.00,418.00,466,21.84,37.03,null,null,null
2022-01-21T22:09:11Z,18.86,48.63,99,0,54.99,103.47,2.00,415.00,467,21.82,37.06,null,null,null
2022-01-21T22:10:11Z,18.85,48.66,99,0,46.09,103.47,2.00,415.00,471,21.83,37.08,0,0,0
2022-01-21T22:11:11Z,18.85,48.70,99,0,51.95,103.47,0.00,400.00,471,21.86,37.09,null,null,null
2022-01-21T22:12:11Z,18.83,48.74,99,0,63.74,103.47,3.00,423.00,463,21.84,37.15,null,null,null
2022-01-21T22:13:11Z,18.85,48.81,99,0,58.98,103.47,3.00,423.00,466,21.83,37.20,null,null,null
2022-01-21T22:14:11Z,18.86,48.85,99,0,53.00,103.47,3.00,420.00,468,21.83,37.23,null,null,null
2022-01-21T22:15:11Z,18.83,48.82,99,0,60.65,103.47,3.00,420.00,469,21.83,37.22,0,0,0
2022-01-21T22:16:11Z,18.85,48.90,99,0,55.02,103.47,2.00,417.00,470,21.83,37.23,null,null,null
2022-01-21T22:17:11Z,18.85,48.93,99,0,58.33,103.47,2.00,417.00,471,21.83,37.30,null,null,null
2022-01-21T22:18:11Z,18.82,48.94,99,0,52.79,103.47,2.00,417.00,469,21.83,37.34,null,null,null
2022-01-21T22:19:11Z,18.85,48.96,99,0,68.89,103.47,0.00,400.00,468,21.84,37.28,null,null,null
2022-01-21T22:20:11Z,18.80,49.05,99,0,56.29,103.47,1.00,411.00,470,21.84,37.39,0,0,0
2022-01-21T22:21:11Z,18.83,49.10,99,0,49.61,103.46,1.00,411.00,468,21.82,37.46,null,null,null
2022-01-21T22:22:11Z,18.83,49.10,99,0,56.61,103.46,1.00,409.00,467,21.80,37.43,null,null,null
2022-01-21T22:23:11Z,18.85,49.16,99,0,54.37,103.46,0.00,400.00,469,21.82,37.52,null,null,null
2022-01-21T22:24:11Z,18.80,49.24,99,0,52.41,103.46,2.00,414.00,471,21.83,37.54,null,null,null
2022-01-21T22:25:11Z,18.80,49.31,99,0,59.51,103.46,2.00,414.00,473,21.80,37.61,0,0,0
2022-01-21T22:26:11Z,18.83,49.28,99,0,63.39,103.46,1.00,409.00,470,21.80,37.65,null,null,null
2022-01-21T22:27:11Z,18.80,49.34,99,0,59.88,103.46,1.00,407.00,467,21.83,37.63,null,null,null
2022-01-21T22:28:11Z,18.82,49.25,99,0,66.46,103.47,0.00,400.00,466,21.82,37.59,null,null,null
2022-01-21T22:29:11Z,18.82,49.17,99,0,56.85,103.46,2.00,415.00,466,21.82,37.52,null,null,null
2022-01-21T22:30:11Z,18.82,49.32,99,0,58.53,103.46,2.00,416.00,466,21.80,37.59,0,0,0
2022-01-21T22:31:11Z,18.80,49.38,99,0,57.07,103.46,2.00,415.00,464,21.80,37.72,null,null,null
2022-01-21T22:32:11Z,18.80,49.43,99,0,52.39,103.46,2.00,415.00,464,21.82,37.72,null,null,null
2022-01-21T22:33:11Z,18.79,49.34,99,0,59.69,103.46,2.00,414.00,463,21.80,37.66,null,null,null
2022-01-21T22:34:11Z,18.85,49.39,99,0,49.38,103.46,4.00,432.00,464,21.79,37.70,null,null,null
2022-01-21T22:35:11Z,18.80,49.36,99,0,58.53,103.46,5.00,436.00,466,21.79,37.73,0,0,0
2022-01-21T22:36:11Z,18.80,49.38,99,0,61.94,103.46,5.00,436.00,468,21.82,37.71,null,null,null
2022-01-21T22:37:11Z,18.80,49.33,99,0,55.34,103.46,6.00,442.00,466,21.82,37.69,null,null,null
2022-01-21T22:38:11Z,18.80,49.29,99,0,58.39,103.46,5.00,436.00,466,21.82,37.65,null,null,null
2022-01-21T22:39:11Z,18.80,49.41,99,0,60.53,103.45,5.00,436.00,469,21.80,37.69,null,null,null
2022-01-21T22:40:11Z,18.80,49.39,99,0,62.46,103.46,2.00,416.00,469,21.82,37.68,0,0,0
2022-01-21T22:41:11Z,18.82,49.51,99,0,56.49,103.45,4.00,432.00,470,21.82,37.77,null,null,null
2022-01-21T22:42:11Z,18.83,49.57,99,0,62.17,103.46,5.00,436.00,471,21.82,37.83,null,null,null
2022-01-21T22:43:11Z,18.83,49.57,99,0,55.89,103.46,5.00,436.00,468,21.82,37.88,null,null,null
2022-01-21T22:44:11Z,18.82,49.49,99,0,61.07,103.46,5.00,436.00,465,21.80,37.79,null,null,null
2022-01-21T22:45:11Z,18.86,49.47,99,0,54.81,103.46,2.00,416.00,465,21.82,37.84,0,0,0
2022-01-21T22:46:11Z,18.88,49.43,99,0,58.05,103.46,4.00,432.00,468,21.80,37.79,null,null,null
2022-01-21T22:47:11Z,18.88,49.36,99,0,57.09,103.46,4.00,432.00,467,21.83,37.79,null,null,null
2022-01-21T22:48:11Z,18.90,49.31,99,0,51.63,103.47,2.00,414.00,463,21.84,37.71,null,null,null
2022-01-21T22:49:11Z,18.92,49.25,99,0,59.05,103.47,3.00,421.00,466,21.86,37.72,null,null,null
2022-01-21T22:50:11Z,18.90,49.34,99,0,53.83,103.46,3.00,421.00,466,21.88,37.75,0,0,0
2022-01-21T22:51:11Z,18.90,49.19,99,0,72.15,103.46,2.00,414.00,466,21.86,37.64,null,null,null
2022-01-21T22:52:11Z,18.88,49.22,99,0,50.61,103.46,2.00,418.00,465,21.86,37.68,null,null,null
2022-01-21T22:53:11Z,18.89,49.36,99,0,70.92,103.46,0.00,400.00,463,21.86,37.75,null,null,null
2022-01-21T22:54:11Z,18.88,49.40,99,0,55.21,103.46,2.00,416.00,465,21.86,37.75,null,null,null
2022-01-21T22:55:11Z,18.86,49.36,99,0,50.98,103.46,1.00,409.00,468,21.86,37.74,0,0,0
2022-01-21T22:56:11Z,18.86,49.37,99,0,67.29,103.46,0.00,400.00,468,21.88,37.71,null,null,null
2022-01-21T22:57:11Z,18.86,49.44,99,0,55.84,103.47,2.00,414.00,465,21.88,37.77,null,null,null
2022-01-21T22:58:11Z,18.86,49.53,99,0,59.95,103.47,0.00,405.00,464,21.84,37.80,null,null,null
2022-01-21T22:59:11Z,18.86,49.56,99,0,60.26,103.47,1.00,410.00,466,21.86,37.84,null,null,null
2022-01-21T23:00:11Z,18.83,49.52,99,0,54.08,103.47,0.00,405.00,466,21.83,37.79,0,0,0
2022-01-21T23:01:11Z,18.86,49.59,99,0,54.47,103.47,0.00,400.00,468,21.84,37.87,null,null,null
2022-01-21T23:02:11Z,18.85,49.53,99,0,62.26,103.47,2.00,418.00,469,21.84,37.79,null,null,null
2022-01-21T23:03:11Z,18.83,49.56,99,0,64.20,103.47,2.00,418.00,468,21.84,37.88,null,null,null
2022-01-21T23:04:11Z,18.82,49.66,99,0,60.55,103.47,1.00,413.00,465,21.84,37.90,null,null,null
2022-01-21T23:05:11Z,18.85,49.64,99,0,67.68,103.47,1.00,408.00,466,21.86,37.88,0,0,0
2022-01-21T23:06:11Z,18.88,49.61,99,0,53.54,103.47,0.00,400.00,464,21.84,37.88,null,null,null
2022-01-21T23:07:11Z,18.85,49.71,99,0,54.51,103.47,2.00,415.00,466,21.86,37.88,null,null,null
2022-01-21T23:08:11Z,18.85,49.63,99,0,47.42,103.47,1.00,410.00,469,21.83,37.90,null,null,null
2022-01-21T23:09:11Z,18.83,49.70,99,0,53.25,103.47,1.00,410.00,468,21.88,37.94,null,null,null
2022-01-21T23:10:11Z,18.88,49.78,99,0,55.14,103.47,2.00,415.00,467,21.83,38.00,0,0,0
2022-01-21T23:11:11Z,18.85,49.73,99,0,61.48,103.47,1.00,409.00,468,21.82,38.04,null,null,null
2022-01-21T23:12:11Z,18.83,49.80,99,0,49.51,103.47,2.00,415.00,469,21.82,38.01,null,null,null
2022-01-21T23:13:11Z,18.89,49.64,99,0,56.60,103.46,2.00,418.00,466,21.86,37.96,null,null,null
2022-01-21T23:14:11Z,18.89,49.64,99,0,59.55,103.47,3.00,424.00,465,21.88,38.04,null,null,null
2022-01-21T23:15:11Z,18.89,49.70,99,0,57.31,103.47,3.00,421.00,467,21.84,37.96,0,0,0
2022-01-21T23:16:11Z,18.90,49.55,99,0,56.89,103.46,3.00,424.00,468,21.86,37.96,null,null,null
2022-01-21T23:17:11Z,18.89,49.60,99,0,51.73,103.46,2.00,415.00,470,21.84,37.88,null,null,null
2022-01-21T23:18:11Z,18.88,49.71,99,0,52.92,103.46,3.00,421.00,472,21.88,37.99,null,null,null
2022-01-21T23:19:11Z,18.88,49.77,99,0,55.24,103.46,2.00,415.00,470,21.86,38.07,null,null,null
2022-01-21T23:20:11Z,18.88,49.92,99,0,63.43,103.46,2.00,415.00,470,21.84,38.12,0,0,0
2022-01-21T23:21:11Z,18.89,49.92,99,0,60.58,103.46,1.00,409.00,469,21.88,38.15,null,null,null
2022-01-21T23:22:11Z,18.90,49.94,99,0,54.36,103.46,1.00,409.00,469,21.86,38.23,null,null,null
2022-01-21T23:23:11Z,18.88,50.07,99,0,59.92,103.46,0.00,400.00,469,21.84,38.29,null,null,null
2022-01-21T23:24:11Z,18.90,50.27,99,0,67.58,103.45,1.00,413.00,470,21.84,38.44,null,null,null
2022-01-21T23:25:11Z,18.90,50.29,99,0,54.97,103.45,1.00,408.00,471,21.86,38.48,0,0,0
2022-01-21T23:26:11Z,18.90,50.22,99,0,53.04,103.45,0.00,400.00,470,21.86,38.47,null,null,null
2022-01-21T23:27:11Z,18.90,50.22,99,0,66.44,103.45,2.00,418.00,473,21.84,38.40,null,null,null
2022-01-21T23:28:11Z,18.90,50.37,99,0,48.43,103.45,2.00,415.00,470,21.86,38.48,null,null,null
2022-01-21T23:29:11Z,18.86,50.33,99,0,62.80,103.45,0.00,400.00,469,21.88,38.52,null,null,null
2022-01-21T23:30:11Z,18.86,50.36,99,0,52.34,103.45,2.00,414.00,468,21.86,38.46,0,0,0
2022-01-21T23:31:11Z,18.90,50.29,99,0,54.07,103.44,3.00,424.00,469,21.86,38.49,null,null,null
2022-01-21T23:32:11Z,18.89,50.32,99,0,66.57,103.44,1.00,410.00,471,21.89,38.52,null,null,null
2022-01-21T23:33:11Z,18.90,50.29,99,0,57.29,103.44,4.00,427.00,470,21.89,38.51,null,null,null
2022-01-21T23:34:11Z,18.95,50.21,99,0,57.36,103.44,5.00,434.00,471,21.91,38.49,null,null,null
2022-01-21T23:35:11Z,18.89,50.21,99,0,55.36,103.44,3.00,423.00,469,21.88,38.42,0,0,0
2022-01-21T23:36:11Z,18.93,50.18,99,0,67.82,103.44,6.00,442.00,470,21.91,38.42,null,null,null
2022-01-21T23:37:11Z,18.93,50.14,99,0,57.10,103.44,6.00,442.00,467,21.89,38.46,null,null,null
2022-01-21T23:38:11Z,18.93,50.14,99,0,59.91,103.44,3.00,423.00,465,21.92,38.42,null,null,null
2022-01-21T23:39:11Z,18.90,50.10,99,0,59.70,103.44,7.00,446.00,466,21.89,38.42,null,null,null
2022-01-21T23:40:11Z,18.93,50.18,99,0,52.19,103.44,6.00,442.00,468,21.91,38.45,0,0,0
2022-01-21T23:41:11Z,18.92,50.11,99,0,53.59,103.44,4.00,428.00,468,21.88,38.36,null,null,null
2022-01-21T23:42:11Z,18.92,50.11,99,0,56.76,103.44,6.00,442.00,468,21.91,38.38,null,null,null
2022-01-21T23:43:11Z,18.93,50.21,99,0,55.34,103.44,5.00,439.00,471,21.91,38.39,null,null,null
2022-01-21T23:44:11Z,18.92,50.21,99,0,63.36,103.44,2.00,415.00,468,21.89,38.38,null,null,null
2022-01-21T23:45:11Z,18.92,50.18,99,0,61.72,103.45,5.00,434.00,472,21.86,38.39,0,0,0
2022-01-21T23:46:11Z,18.92,50.26,99,0,61.31,103.45,5.00,434.00,469,21.89,38.40,null,null,null
2022-01-21T23:47:11Z,18.90,50.29,99,0,60.89,103.45,0.00,406.00,467,21.92,38.46,null,null,null
2022-01-21T23:48:11Z,18.90,50.30,99,0,54.24,103.45,4.00,427.00,467,21.88,38.42,null,null,null
2022-01-21T23:49:11Z,18.90,50.29,99,0,54.76,103.46,3.00,424.00,465,21.91,38.45,null,null,null
2022-01-21T23:50:11Z,18.90,50.32,99,0,57.46,103.46,1.00,410.00,466,21.89,38.52,0,0,0
2022-01-21T23:51:11Z,18.92,50.23,99,0,56.42,103.47,5.00,434.00,467,21.89,38.49,null,null,null
2022-01-21T23:52:11Z,18.92,50.23,99,0,51.59,103.46,5.00,439.00,467,21.89,38.47,null,null,null
2022-01-21T23:53:11Z,18.93,50.20,99,0,59.96,103.46,5.00,434.00,467,21.92,38.39,null,null,null
2022-01-21T23:54:11Z,18.93,50.21,99,0,50.17,103.45,5.00,439.00,471,21.91,38.40,null,null,null
2022-01-21T23:55:11Z,18.92,50.22,99,0,55.18,103.46,5.00,434.00,471,21.92,38.42,0,0,0
2022-01-21T23:56:11Z,18.96,50.21,99,0,60.93,103.46,5.00,434.00,467,21.92,38.45,null,null,null
2022-01-21T23:57:11Z,18.93,50.23,99,0,63.19,103.46,4.00,428.00,467,21.89,38.44,null,null,null
2022-01-21T23:58:11Z,18.93,50.25,99,0,61.95,103.45,2.00,415.00,464,21.89,38.50,null,null,null
2022-01-21T23:59:11Z,18.95,50.28,99,0,64.13,103.45,4.00,427.00,466,21.93,38.50,null,null,null
